V1,V2,V3
CITED2,TFAP2A,1
RB1,CUX1,1
SIM2,ARNT,1
MITF,LEF1,1
RXRA,BRD8,1
SOX9,NR5A1,1
ZEB1,DRAP1,1
RFXAP,RFX5,1
HNRNPAB,TP63,1
ZHX1,ZHX3,1
TAF13,TAF10,1
ZSCAN32,ZNF446,1
ZNF165,KAT7,1
ZSCAN20,SCAND1,1
ZNF165,ZNF446,1
ZNF263,ZNF446,1
ZNF24,ZNF446,1
RARA,RXRB,1
SMAD4,SMAD9,1
ZNF232,ZNF446,1
ZSCAN32,ZKSCAN7,1
E2F6,TFDP1,1
ZNF263,SCAND1,1
ZNF165,SCAND1,1
ZNF24,SCAND1,1
ZSCAN9,ZNF446,1
E2F6,TFDP2,1
CEBPG,DDIT3,1
MAFA,NEUROD1,1
MAFA,PDX1,1
USF2,USF1,1
REL,RELA,1
NFKB1,RELA,1
NFKB2,RELA,1
NFKB2,NFKB1,1
RELB,NFKB1,1
RELB,NFKB2,1
RELB,RELA,1
MYC,MAX,1
BCL3,NFKB1,1
HDAC1,KDM1A,1
HMG20B,HDAC1,1
HDAC1,HDAC2,1
HMG20B,KDM1A,1
HMG20B,HDAC2,1
CTBP1,IKZF1,1
BCL3,RELB,1
RB1,HDAC1,1
CTNNB1,TCF4,1
CTNNB1,CREBBP,1
JUN,ATF2,1
CTNNB1,LEF1,1
TP53,TFAP2A,1
CTBP1,HDAC2,1
SIN3A,IKZF1,1
SMAD7,LEF1,1
CREBBP,RELA,1
YBX1,TP53,1
SMAD4,FOXO3,1
FOXO1,SMAD4,1
NR4A1,RXRA,1
CTBP1,FOXP1,1
FOXP1,FOXP4,1
FOXP2,FOXP4,1
FOXP2,CTBP1,1
SIM2,ARNT2,1
SMAD4,DLX1,1
ZHX2,ZHX3,1
NPAS2,CREBBP,1
SMAD3,NOTCH1,1
NFKB1,KLF5,1
HOPX,HDAC2,1
ESR1,XBP1,1
EGR1,CEBPB,1
HDAC1,MTA2,1
MTA2,HDAC2,1
MTA1,SIN3A,1
MTA1,MTA2,1
MTA1,HDAC1,1
MTA1,HDAC2,1
TP53,MTA2,1
YY1,MTA2,1
YY1,NOTCH1,1
NPAT,POU2F1,1
SP1,AATF,1
SP1,HDAC1,1
KMT2A,HDAC1,1
KMT2A,CTBP1,1
SMAD4,SMAD3,1
CEBPB,CREB1,1
E2F1,CREBBP,1
ZEB1,SMAD2,1
ZEB1,SMAD3,1
ZEB1,SMAD1,1
SIN3A,HDAC1,1
SIN3A,HDAC2,1
SMAD3,ATF3,1
CEBPB,RELA,1
PA2G4,HDAC2,1
HIF1A,ZNF197,1
HMGA1,SP1,1
HMGA1,CEBPB,1
CEBPB,SP1,1
MYC,TADA2A,1
SRF,CREBBP,1
HIF1A,TP53,1
KDM1A,HDAC2,1
GTF2I,KDM1A,1
GTF2I,HDAC2,1
PPARG,RB1,1
RB1,E2F1,1
NCOR1,NFKB1,1
GATAD2B,MTA2,1
GATAD2B,HDAC1,1
GATAD2B,HDAC2,1
RELA,HDAC1,1
RELA,HDAC2,1
YY1,HDAC2,1
SP1,HDAC2,1
ESR1,MTA1,1
NCOR1,SIN3A,1
YEATS4,PFDN1,1
NFKB1,HDAC1,1
TP53,HDAC1,1
RB1,HDAC2,1
RB1,ARID4A,1
MLLT10,YEATS4,1
NFIX,HDAC1,1
SP1,RB1,1
E2F4,HDAC1,1
CTBP1,HDAC1,1
TGIF1,SMAD3,1
TGIF2,SMAD3,1
CBFA2T3,CBFA2T2,1
CBFA2T3,HDAC1,1
E2F1,HDAC1,1
KLF11,HDAC1,1
SMAD2,TGIF1,1
TGIF1,SMAD1,1
SMAD2,SMAD4,1
SMAD2,HDAC1,1
SATB1,HDAC1,1
SATB1,HDAC2,1
SATB1,MTA2,1
THRA,MEF2A,1
E2F5,TFDP1,1
CREBBP,SMAD1,1
IKZF1,HDAC2,1
IKZF3,HDAC2,1
IKZF4,SIN3A,1
IKZF4,HDAC2,1
NCOR1,CBFA2T3,1
TADA3,TADA2A,1
BCL3,JUN,1
BCL3,FOS,1
CREBBP,CUX1,1
NR3C1,CREBBP,1
CREBBP,HNF1A,1
MSX1,CREBBP,1
MSX1,SP1,1
TCF3,CREBBP,1
CREBBP,ATF2,1
CREB1,CREBBP,1
JUN,CREBBP,1
CREBBP,MYB,1
TP53,CREBBP,1
CREB1,TP53,1
FOXO1,CREBBP,1
STAT1,CREBBP,1
STAT6,CREBBP,1
NFE2L2,CREBBP,1
CREBBP,SREBF1,1
SREBF2,CREBBP,1
HIF1A,CREBBP,1
STAT2,CREBBP,1
ESR1,CREBBP,1
MYBL2,CREBBP,1
KMT2A,CREBBP,1
CREBBP,TRERF1,1
CREBBP,NFATC4,1
PCGF6,E2F6,1
ESR1,PRDM2,1
RB1,PRDM2,1
ESR1,KDM5A,1
RARA,KDM5A,1
RB1,VDR,1
KDM5A,RB1,1
STAT3,SMAD1,1
IRF4,STAT6,1
IRF4,BCL6,1
FOSL1,USF1,1
FOSL1,JUN,1
JUN,FOS,1
MAFK,NFE2L2,1
PLAGL1,TP53,1
TP53,E4F1,1
ARNT,AHR,1
MEF2C,SP1,1
CEBPB,DDIT3,1
IKZF4,IKZF1,1
ESR1,NR2C2,1
CTCF,YBX1,1
CEBPB,SPI1,1
RB1,PA2G4,1
IKZF4,CTBP1,1
HMGA1,ELF1,1
ELF1,NFKB1,1
ID3,TCF4,1
RUNX1,CBFB,1
ATF3,JUND,1
SMAD3,ATF2,1
SMAD4,ATF2,1
YY1,SREBF1,1
STAT5A,ESR2,1
RELA,NOTCH1,1
NFKB1,NOTCH1,1
DDIT3,JUND,1
STAT1,STAT3,1
SRF,GATA4,1
GTF2I,MYC,1
RB1,MYC,1
RB1,AATF,1
NR3C1,POU2F1,1
NR3C1,POU2F2,1
ZHX1,NFYA,1
SP1,AHR,1
SP1,ARNT,1
E2F4,SMAD3,1
RB1,ATF2,1
ID3,TCF3,1
SRF,REL,1
SRF,RELA,1
TP53,HMGB1,1
RELA,PPARA,1
TCF3,CBFA2T3,1
MEF2C,SOX18,1
MXD1,MAX,1
RXRB,NR1H2,1
HOXA1,PKNOX1,1
PAX6,RAX,1
PAX6,SIX3,1
PAX6,LHX2,1
PAX6,VSX2,1
PAX6,PKNOX1,1
PAX6,PROX1,1
MYC,TFAP2A,1
TCF3,ELK3,1
CREM,TAF4,1
ZBTB17,MYC,1
ZBTB17,MAX,1
ESR1,ESR2,1
TRERF1,NR5A1,1
SMAD2,MEF2A,1
NFYC,MYC,1
CEBPB,NR3C1,1
CEBPB,RARB,1
RUNX2,SMAD1,1
SP1,MYC,1
MEF2C,TEAD1,1
SP1,POU2F1,1
ESR1,STAT3,1
SRF,NFYA,1
RARA,TADA3,1
RXRA,TADA3,1
STAT1,HSF1,1
MSX1,LHX2,1
SMAD3,MAX,1
SMAD4,MAX,1
YY1,MYC,1
HDAC1,NR2F2,1
SPEN,HDAC1,1
DDIT3,ATF3,1
E2F1,SP4,1
ETS2,FOS,1
ETS2,ETS1,1
MAFF,NFE2L2,1
JUN,HIF1A,1
RARA,NCOR1,1
SP1,RELA,1
BCL3,RXRA,1
PAX3,MSX1,1
NR1H4,RXRA,1
RXRA,NR1H2,1
MSX1,DLX2,1
SP1,KLF4,1
REXO4,ESR2,1
NFYB,MYC,1
SP1,NFKB1,1
SP1,NFKB2,1
TP53,TFDP1,1
RB1,E4F1,1
SMAD2,NFYC,1
STAT1,IRF1,1
HMGB2,POU2F2,1
ESR1,CEBPB,1
SP1,KLF10,1
SP1,ELF1,1
ASCL1,TCF4,1
ZNF148,TP53,1
MITF,FOS,1
NFE2L3,MAFK,1
HR,THRA,1
NR3C1,NFKB1,1
MXD1,SIN3A,1
POU5F1,HMGB2,1
SRF,NKX3-1,1
FOXG1,FOXH1,1
SMAD2,FOXH1,1
MEF2A,ASCL1,1
NR3C1,RELA,1
NKX2-5,GATA4,1
SP1,SMAD3,1
IRF4,NFATC2,1
SP1,MEF2D,1
MYB,PAX5,1
HEY2,HDAC1,1
CEBPB,CEBPG,1
IRF9,STAT1,1
ZNF174,ZNF24,1
ZKSCAN8,ZNF165,1
ZKSCAN8,ZNF24,1
ZNF165,ZNF24,1
ID1,TCF4,1
ID1,TCF3,1
ID3,PAX5,1
JUN,STAT4,1
PPARG,CREBBP,1
SP1,TAF4,1
NR3C1,STAT5B,1
CEBPB,RB1,1
CBL,VAV1,1
TP53,ATF3,1
RUNX2,FOS,1
RUNX1,FOS,1
POU2F1,VDR,1
AHR,RELA,1
NCOR1,NR1D1,1
NCOR1,NR1D2,1
JUN,STAT1,1
JUN,STAT3,1
TAF5,TAF6,1
TAF5,TAF12,1
ATF6,YY1,1
JUN,NFE2L1,1
JUN,NFE2L2,1
NFATC1,EGR1,1
NFATC1,EGR2,1
RB1,HMGB1,1
NR3C1,HMGB2,1
HMGB1,TP73,1
NFIB,NFIC,1
NFIB,NFIX,1
STAT6,NFKB1,1
CEBPB,NFKB1,1
E2F1,NFKB1,1
POU2F1,RELA,1
MYC,RELA,1
TAF4B,RELA,1
SNAPC4,SNAPC2,1
SNAPC4,POU2F1,1
JUN,ETS1,1
IRF8,IRF1,1
XBP1,FOS,1
MZF1,SCAND1,1
JUN,RB1,1
JUN,NR5A1,1
SMAD3,JUNB,1
SMAD4,JUNB,1
SMAD3,JUND,1
IRF4,SPI1,1
PAX3,MEOX1,1
E2F1,TFDP1,1
RXRA,NR2F6,1
SRF,GTF2I,1
RXRA,NR1H3,1
IRF7,IRF3,1
PAX6,RB1,1
SMAD4,SMAD5,1
SMAD4,SMAD1,1
SMAD3,RUNX3,1
SMAD2,RUNX3,1
SMAD5,RUNX3,1
ELK4,SRF,1
MXD1,HDAC1,1
MXD1,HDAC2,1
MEF2A,MEF2D,1
SMAD7,SMAD3,1
SMAD2,SMAD3,1
SMAD2,SMAD7,1
SMAD4,SMAD7,1
RB1,E2F2,1
RB1,AHR,1
RB1,ARNT,1
RARA,SP1,1
PPARG,RXRA,1
JUN,BCL6,1
BCL6,JUND,1
BCL6,JUNB,1
RXRA,NPAS2,1
RXRA,CLOCK,1
RARA,NPAS2,1
RARA,CLOCK,1
ARNTL,NPAS2,1
ARNTL,CLOCK,1
RARA,RXRA,1
STAT3,NFKB1,1
STAT3,RELA,1
STAT2,STAT1,1
SP1,NR5A1,1
ARNTL,AHR,1
ARNT,EPAS1,1
SRF,ATF6,1
RXRA,VDR,1
E2F1,TFDP2,1
RB1,TFDP1,1
RB1,TFDP2,1
NCOR1,VDR,1
RUNX1,VDR,1
NFYB,TP73,1
NFYC,TP73,1
SP1,E2F1,1
GABPA,SP1,1
SMAD4,CEBPD,1
CEBPD,SMAD3,1
SRF,CEBPB,1
NR2F6,NR3C1,1
ESR1,FOXO1,1
ESR1,SMAD2,1
PURA,E2F1,1
MYC,TP73,1
TP53,TAF1B,1
WT1,TP53,1
PTTG1,TP53,1
GTF2I,USF1,1
CEBPB,CEBPD,1
NR3C1,SMAD3,1
SIX3,NR4A3,1
FLI1,ETV6,1
KLF1,FLI1,1
RFXANK,RFX5,1
PAX6,MITF,1
MITF,TFEC,1
MNT,MAX,1
SIN3A,MNT,1
MAX,MYCL,1
TRIM28,CEBPB,1
TRIM28,NR3C1,1
NR3C2,NR3C1,1
SMAD2,LEF1,1
CEBPB,RUNX1,1
ARNTL,EPAS1,1
ARNTL,HIF1A,1
RUNX1,CBFA2T2,1
GABPA,ATF1,1
HMGA1,ATF2,1
HMGA1,IRF1,1
IRF8,IRF2,1
SNAPC4,SNAPC5,1
RBPJ,NOTCH1,1
MNT,MLX,1
MXD1,MLX,1
SMAD6,SMAD7,1
SMAD2,SMAD6,1
SMAD4,SMAD6,1
ATF4,ATF3,1
HIF1A,STAT3,1
FBXW7,MYB,1
JDP2,ATF7,1
JDP2,JUND,1
BCL6,HDAC1,1
JDP2,ATF2,1
NR4A1,HIF1A,1
E2F4,TFDP2,1
FBXW7,NOTCH1,1
FBXW7,MYC,1
PRDM1,HDAC2,1
HIF1A,MTA1,1
HIF1A,HDAC1,1
REST,NCOR1,1
REST,HDAC2,1
KAT7,TP53,1
BACH2,BCL6,1
IRF8,ETV6,1
TAF10,TAF4,1
TAF13,TAF4,1
TAF13,TAF5,1
TAF13,TAF6,1
PRDM1,KDM1A,1
HDAC1,PRDM1,1
FOS,JUND,1
NR4A1,TP53,1
TP53,HDAC2,1
FOXP1,GATAD2B,1
FOXP2,GATAD2B,1
TP53,TAF6,1
TAF6,TAF12,1
KDM5B,NR4A3,1
KDM5B,ONECUT2,1
TRIM25,PITX2,1
PAX3,TRIM28,1
TP53,BRD8,1
ID1,GATA4,1
ID3,GATA4,1
ID1,NKX2-5,1
ID3,NKX2-5,1
NR4A1,MTA2,1
TRIM28,NR4A1,1
TRIM28,NR4A3,1
RNF20,TP53,1
HIF1A,ARNT,1
ZNF217,KDM1A,1
ZNF217,CTBP1,1
ZNF217,KDM5B,1
NR4A2,SIN3A,1
CTBP1,SATB1,1
CTNNB1,FOXO3,1
REL,CREBBP,1
MBD1,STAT1,1
FBXW7,SREBF1,1
JUN,ATF4,1
MAX,CUX1,1
SREBF2,EGR1,1
MEF2C,EPAS1,1
NFYC,NFYA,1
SREBF2,NFYA,1
SREBF2,SP1,1
NFYC,ADNP2,1
HR,HDAC1,1
CEBPB,HDAC1,1
BACH1,MAFG,1
BACH1,MAFK,1
BACH1,TP53,1
BACH1,HDAC1,1
BACH1,NCOR1,1
TBX21,CREBBP,1
TBX21,GATA3,1
TBX21,SP1,1
NCOR1,CREBBP,1
NCOR1,NR1I2,1
POU2F1,HDAC1,1
ESR1,KLF5,1
CREM,HDAC1,1
JUN,HDAC1,1
SMAD7,HDAC1,1
SPI1,BCL6,1
ATF3,ATF2,1
RERE,LZTR1,1
CREB1,ZNF35,1
CREB1,TRIM22,1
CREB1,ZNF92,1
CTBP1,TCF4,1
DDIT3,HOXA5,1
DDIT3,ZSCAN31,1
DMRT1,TRIM29,1
FLI1,SMAD3,1
GATA3,RARB,1
HLF,MYB,1
TLX2,IRF6,1
TLX2,POU2F1,1
TLX2,IRF9,1
HOXA5,SMAD1,1
HOXB9,SOX15,1
HOXB9,PHTF1,1
HOXB9,HOPX,1
ID3,CBFA2T2,1
IRF4,PROX1,1
IRF4,BATF,1
IRF4,ETV7,1
MYBL2,LZTR1,1
NPAS2,HESX1,1
PPARG,MAFF,1
PPARG,ZNF496,1
RARA,HR,1
SHOX2,TRIM29,1
SREBF2,LZTR1,1
STAT1,LZTR1,1
STAT6,ZNF92,1
TAF7,TRIM22,1
TCF19,LZTR1,1
TFCP2,UBP1,1
YY1,ZNF232,1
PCGF2,SPDEF,1
ZNF175,LZTR1,1
LZTR1,E2F8,1
NKX2-5,HDAC1,1
GLI3,CREBBP,1
SP1,STAT3,1
FOSL1,HDAC1,1
ESR1,SP1,1
CTBP1,TP53,1
JUN,KAT7,1
YY1,MAX,1
YY1,CREBBP,1
CREBBP,MYC,1
HIC1,CTBP1,1
KLF4,HDAC2,1
PLAGL1,CREBBP,1
NR3C1,HDAC1,1
RUNX2,HDAC1,1
NKX3-1,HDAC1,1
SRF,SMAD7,1
RB1,KDM5B,1
ESR1,MTA2,1
TP53,YY1,1
PLAGL1,HDAC1,1
KDM3A,ETV2,1
CITED2,SMAD3,1
SMAD2,CITED2,1
YY1,HDAC1,1
ZNF217,HDAC2,1
CEBPD,HDAC1,1
CREBBP,HDAC1,1
ESR1,RELA,1
RUNX3,CBFB,1
RERE,HDAC1,1
RERE,HDAC2,1
RFX5,HDAC2,1
ESR1,MYC,1
SP1,ESRRA,1
NFYC,HDAC1,1
TP73,KDM1A,1
SNAI3,HDAC2,1
SNAI3,HDAC1,1
BCL3,STAT1,1
BCL3,STAT3,1
BCL3,HDAC1,1
RELA,ATF3,1
MTA1,LMO4,1
ESR1,LMO4,1
LMO4,HDAC1,1
LMO4,HDAC2,1
SIN3A,PA2G4,1
NFX1,SIN3A,1
SIN3A,CBFA2T2,1
NCOR1,CBFA2T2,1
TCFL5,USF1,1
NCOR1,SPEN,1
CEBPB,CREBBP,1
CEBPD,CREBBP,1
SMAD4,YY1,1
SMAD2,YY1,1
CTNNB1,HDAC1,1
SOX9,CREB3L4,1
HDAC1,E4F1,1
CTBP1,TCF7L2,1
MTA3,HDAC1,1
MTA3,HDAC2,1
NKX3-1,SP4,1
RUNX2,HES1,1
SP1,TP53,1
NCOR1,NR1H3,1
NCOR1,NR1H2,1
STAT5A,HDAC1,1
CREB1,HDAC1,1
CREB1,HDAC2,1
LCOR,ESR1,1
LCOR,VDR,1
LCOR,HDAC1,1
ESR1,TAF1B,1
PITX2,HDAC1,1
CTNNB1,PITX2,1
SIN3A,TAF6,1
TAF6,HDAC1,1
TAF6,HDAC2,1
BCL6,HDAC2,1
CREB1,POU2F1,1
CTBP1,CREBBP,1
MTF1,CREBBP,1
SMAD2,GTF2I,1
SMAD2,GTF2IRD1,1
TFCP2,HDAC1,1
TFCP2,HDAC2,1
NCOR1,BCL6,1
SP1,CTBP1,1
POU2F1,STAT5B,1
SP1,NCOR1,1
NCOR1,NR3C1,1
NCOR1,NFE2L2,1
NCOR1,PPARA,1
STAT3,HDAC1,1
SMAD3,CREBBP,1
TP53,NFYA,1
ATF7,TAF12,1
ATF7,TAF4,1
PPARG,NCOR1,1
RB1,STAT3,1
HDAC1,KLF5,1
STAT3,HDAC2,1
NFYB,TAF12,1
NFYC,TAF12,1
NFYB,TAF6,1
NFYC,TAF6,1
SIN3A,TGIF1,1
SIN3A,MTA2,1
TRIM28,STAT1,1
SMAD3,PITX2,1
SP1,GATA3,1
ETS1,CREBBP,1
ETS2,CREBBP,1
KLF4,HDAC1,1
ESR1,HDAC1,1
KLF1,HDAC1,1
KLF1,SIN3A,1
SP1,SIN3A,1
REST,SP1,1
SATB2,MTA2,1
SATB2,HDAC1,1
RUNX2,CREBBP,1
PPARG,HMGA1,1
PPARG,SP1,1
PPARG,TFAP2A,1
PPARG,CEBPB,1
MNT,HDAC1,1
MNT,MYC,1
MYC,HDAC1,1
SP1,RXRA,1
NCOR1,ETV6,1
TP53,TAF5L,1
TP53,TADA2A,1
TP53,TADA3,1
TP53,TAF10,1
MAFK,HDAC1,1
MAFK,HDAC2,1
MAFK,RELA,1
RB1,KDM1A,1
SP1,SMAD4,1
CEBPB,STAT3,1
SMAD3,HDAC1,1
SIN3A,ARID4A,1
ARID4A,HDAC1,1
TP73,HDAC1,1
BCL6,MTA3,1
TCF12,CREBBP,1
TCF12,TAF4,1
RUNX1,TCF3,1
CREBBP,HDAC2,1
NR3C1,HDAC2,1
LEF1,HDAC1,1
CREBBP,HOXB6,1
YY1,TFCP2,1
CTCF,SIN3A,1
SIN3A,TP53,1
REST,SIN3A,1
REST,HDAC1,1
RARA,HMGA1,1
JUN,HMGA1,1
TAF7,THRA,1
TAF7,VDR,1
ENO1,HDAC1,1
HDAC1,TAF1B,1
NCOR1,THRA,1
FOXO3,CREBBP,1
CREBBP,VDR,1
ZEB2,MTA2,1
ZEB2,HDAC1,1
ZEB2,HDAC2,1
RUNX1,HDAC2,1
RARA,HDAC2,1
SMAD3,VDR,1
HIF1A,MYC,1
E2F4,RB1,1
CREBBP,FOSB,1
CREBBP,JUNB,1
RB1,FOXM1,1
CREBBP,FOXM1,1
HMGA1,POU2F1,1
HMGA1,POU2F2,1
HMGA1,NFKB1,1
USF1,E2F3,1
PPARD,RELA,1
PPARD,HDAC1,1
SIN3A,BCL6,1
SP1,GATA4,1
SP1,GATA6,1
CREBBP,IRF1,1
NCOR1,TAF6,1
NR1D2,HDAC1,1
SMAD2,CREBBP,1
SREBF2,ATF6,1
TRIM28,MYB,1
TRIM28,SIN3A,1
NCOR1,MYB,1
SIN3A,MYB,1
KDM3A,MKL1,1
KDM3A,MKL2,1
SP1,YY1,1
CTBP1,RREB1,1
CTBP1,KDM1A,1
NR3C1,NR2F2,1
RUNX1,SIN3A,1
MTA1,HSF1,1
HSF1,HDAC1,1
HSF1,HDAC2,1
MTA1,TP53,1
CTNNB1,SOX6,1
ESR1,NCOR1,1
FBXW7,KLF5,1
NFKB1,HDAC2,1
TP53,KDM1A,1
SMAD5,HDAC1,1
SMAD4,HDAC1,1
TP53,NR3C1,1
NR4A2,RUNX1,1
TRIM28,E2F1,1
ZBTB7B,SP1,1
HIRA,MEF2D,1
CREBBP,BCL6,1
KLF5,HDAC2,1
JUN,STAT6,1
E2F4,SIN3A,1
SRF,MKL1,1
GABPA,HDAC1,1
KDM5A,HDAC2,1
ESR1,KDM1A,1
CTCF,SMAD3,1
TP73,HDAC2,1
TCF3,VDR,1
TCF3,HDAC2,1
TADA3,NR1I2,1
CTCF,RXRA,1
ATF3,HDAC1,1
PPARG,HDAC1,1
MEF2D,HDAC1,1
MEF2A,HDAC1,1
HMGA1,TP53,1
NFE2L2,YY1,1
JUN,MTA3,1
NFE2L2,MYC,1
JUN,MYC,1
KDM5A,RBPJ,1
TP53,VDR,1
RARA,SPI1,1
KMT2A,AFF1,1
CTNNB1,SATB1,1
EGR1,SP1,1
CEBPB,ATF3,1
BCL3,CTBP1,1
BCL3,KDM1A,1
BACH1,NFE2L2,1
ZEB1,SMAD6,1
ZEB1,SMAD7,1
TADA2A,HDAC1,1
NFYB,HDAC1,1
NFYB,SP1,1
TRIM28,POU5F1,1
TRIM28,CREBBP,1
TRIM25,KLF5,1
IRF5,SIN3A,1
IRF5,HDAC1,1
IRF5,CREBBP,1
SMAD2,ATF3,1
KDM5B,KLF10,1
LEF1,MYB,1
GATA4,HDAC2,1
BHLHE41,HDAC1,1
FOXO3,VDR,1
ESR2,KLF5,1
CTNNB1,NOTCH1,1
SP1,KLF9,1
TRIM28,ZNF274,1
MYC,HDAC2,1
SMAD4,NKX2-5,1
POU5F1,PURB,1
POU5F1,NR2F2,1
TP53,SOX4,1
BCL6,EBF1,1
BCL6,HNF1A,1
BCL6,E2F3,1
SREBF2,SMAD3,1
STAT1,ATF3,1
CREBBP,HOXB4,1
HOXB7,CREBBP,1
USF1,SREBF1,1
MTA2,KDM1A,1
ZXDC,NR1H3,1
ZXDC,NR1H2,1
ZXDC,RORA,1
RARA,NR1H2,1
PPARD,PROX1,1
RORA,PROX1,1
CREBBP,ZNF639,1
RUNX1,HDAC1,1
CTBP1,TGIF1,1
AFF1,RELA,1
NR1H2,FOXO3,1
RXRB,NR1H3,1
NR2F6,NR2F2,1
NR3C2,PROX1,1
NR4A2,RXRA,1
CREBBP,TP73,1
RB1,TCF3,1
TSC22D1,SMAD7,1
RELA,TP63,1
SP1,RNF4,1
HMGB1,HMGB2,1
SMAD3,FOXH1,1
SMAD3,LEF1,1
SPEN,CTBP1,1
IRF2,FOXK1,1
IRF6,IRF8,1
CTBP1,ZNF219,1
TSC22D1,TAF5L,1
NR4A1,HES1,1
NR4A1,NR3C1,1
NR4A1,TCF4,1
PFDN1,EOMES,1
YY1,ATF2,1
SP1,NFYA,1
ZEB1,CTBP1,1
SP1,SMAD2,1
NR4A1,CTNNB1,1
RUNX2,SOX9,1
IRF7,CREBBP,1
TP53,SMAD3,1
BCL3,NFKB2,1
GTF2H3,GTF2H2,1
TRIM28,TP53,1
AFF4,AFF1,1
KMT2A,SIN3A,1
AFF4,KMT2A,1
NFYA,ATF2,1
NFYA,HDAC1,1
DDIT3,HDAC1,1
UBN1,HIRA,1
KLF4,CREBBP,1
FOXO3,SMAD3,1
KDM5B,HDAC1,1
GATA3,MYB,1
SP1,MEIS2,1
KMT2A,RUNX1,1
KMT2A,CBFB,1
RUNX3,NOTCH1,1
RBPJ,RUNX3,1
ATF3,PDX1,1
RUNX2,SMAD3,1
KDM5B,KDM1A,1
KDM5B,MTA2,1
KDM5B,MTA3,1
KDM5B,HDAC2,1
BCL3,CTNNB1,1
STAT3,KDM1A,1
SMAD3,EPAS1,1
STAT5A,MYB,1
ETS1,TP53,1
ETS2,TP53,1
SPEN,RBPJ,1
HEY1,NOTCH1,1
HEY2,NOTCH1,1
STAT2,RCAN1,1
NCOR1,KDM5B,1
POU2F1,HOXC4,1
NPAT,HINFP,1
RXRA,NCOR1,1
HIF1A,KDM3A,1
CREB3L3,CREBZF,1
RUNX1,CBFA2T3,1
CREBBP,IRF3,1
SP1,EPAS1,1
KDM5B,MYC,1
TCF3,KDM1A,1
PCGF6,TFDP1,1
PCGF6,MAX,1
PCGF6,HDAC1,1
HIC1,PHF1,1
SREBF2,HINFP,1
SREBF2,NPAT,1
PPARG,KLF4,1
KLF4,RELA,1
ETS1,ATF2,1
SP1,CREBBP,1
ESR1,E2F1,1
HMGA1,HDAC2,1
RXRA,BHLHE40,1
RXRA,BHLHE41,1
BHLHE41,BHLHE40,1
YEATS4,KDM1A,1
JUN,SMAD3,1
FOS,SMAD3,1
TCF12,SMAD2,1
TCF12,SMAD3,1
TCF12,TCF3,1
TCF12,FOXH1,1
NR2C1,HDAC1,1
NR2C1,HDAC2,1
NR2C1,MTA2,1
NR2C1,KDM1A,1
TRIM28,NR2C2,1
TRIM28,NR2C1,1
MTA1,NR2C1,1
MTA1,KDM1A,1
CBL,SMAD3,1
USF1,MAX,1
SMAD3,ZEB2,1
HSF2,PCGF2,1
FBXW7,NFKB2,1
SMAD2,TP53,1
BCL6,FOXM1,1
ESR1,TP53,1
IRF7,TRIM28,1
RB1,TP53,1
NFX1,YBX1,1
TP53,TP63,1
FBXW7,REST,1
DMTF1,TP53,1
MZF1,ZNF24,1
MZF1,ZNF202,1
MZF1,ZNF174,1
TSC22D1,TP53,1
RUNX2,HIF1A,1
ZBTB17,IRF8,1
CTNNB1,TCF7L2,1
ARID3A,TP53,1
ARID3A,E2F2,1
RUNX1,CREBBP,1
IRF9,IRF1,1
RNF4,TRPS1,1
GTF2H3,GTF2H4,1
ZNF133,TRIM28,1
RERE,TRIM22,1
RERE,CBFA2T2,1
CTBP1,BCL6,1
HINFP,JUND,1
IKZF1,IKZF3,1
IKZF1,HDAC1,1
SMAD2,KLF5,1
SMAD2,SMAD5,1
SMAD2,SMAD1,1
SMAD3,SMAD1,1
SMAD7,TP53,1
SMAD6,SMAD1,1
ESR1,SIN3A,1
TCF3,TADA2A,1
SPI1,IRF1,1
RB1,SPI1,1
TP53,SMAD1,1
ASCL1,MEF2D,1
RB1,CEBPD,1
RB1,E2F3,1
TADA3,TAF5L,1
PURA,PURB,1
KMT2A,TAF6,1
MTA1,GATAD2B,1
TRIM28,UBP1,1
ATF1,FOSL2,1
PURA,RB1,1
ARNT,HEY2,1
ARNT,HEY1,1
AHR,TAF4,1
ETS1,EPAS1,1
ESR1,HIF1A,1
ESR1,HDAC2,1
ESR1,MYH9,1
ESR1,YBX3,1
ESR1,HNRNPAB,1
ESR1,YBX1,1
NOTCH1,KDM1A,1
NOTCH1,IKZF3,1
NFE2L2,MAFG,1
JUN,NFATC2,1
JUN,TAF4,1
HMGB1,HNF1A,1
RUNX2,RB1,1
EGR1,TP53,1
TP53,PHF1,1
HIF1A,RELA,1
MXD1,VDR,1
PPARG,RELA,1
TRIM28,IRF1,1
ZFHX3,STAT3,1
TCF3,USF1,1
EPAS1,TFAP2A,1
EPAS1,KDM1A,1
HIF1A,SMAD3,1
HIF1A,MAFG,1
HIF1A,MAFK,1
TRIM28,ZNF354A,1
VAV1,SPI1,1
MYC,CBFB,1
MYC,ETV3,1
MYC,ADNP,1
MYC,ECSIT,1
MYC,RBPJ,1
HIF1A,PCGF2,1
CTBP1,KLF4,1
MTA3,MTA2,1
MTA3,GATAD2B,1
MTA3,GATAD2A,1
TRERF1,HDAC1,1
SMAD7,SOX7,1
SMAD7,MKL2,1
SMAD7,SOX13,1
SMAD3,ZNF83,1
SMAD3,HEY1,1
SMAD4,HMG20A,1
SMAD2,ZEB2,1
SMAD2,RARB,1
SMAD2,GATAD2B,1
SP1,ESR2,1
TRIM28,E2F3,1
TRIM28,E2F4,1
ZSCAN32,ZNF24,1
NKX3-1,SPDEF,1
FOSL2,JUNB,1
ESR1,STAT5A,1
TAF12,TAF4B,1
HIF1A,SP1,1
TRIM28,STAT3,1
TRIM28,STAT4,1
TRIM28,STAT6,1
BHLHE40,HDAC1,1
HES1,STAT3,1
ZBTB17,KLF5,1
FBXW7,KLF2,1
RNF4,NFE2L2,1
SMAD2,IRF3,1
SMAD4,IRF3,1
RB1,TFAP2A,1
PITX2,LEF1,1
E2F4,TFDP1,1
RB1,PAX5,1
GABPA,GABPB1,1
GABPB1,YY1,1
GABPA,YY1,1
HIF1A,RB1,1
KLF1,CREBBP,1
HESX1,KDM1A,1
NR1H2,KDM1A,1
NR1H3,KDM1A,1
PPARD,KDM1A,1
SMAD9,KDM1A,1
HOXA10,SPI1,1
HMGA1,PA2G4,1
CTNNB1,CBL,1
MTA1,HIC1,1
SRF,NFKB1,1
BACH2,MAFG,1
BACH2,MAFF,1
BACH1,MAFF,1
NFE2L3,BACH2,1
NFE2L3,NFE2L2,1
NFE2L3,NFE2L1,1
NFE2L3,MAFG,1
NFE2L3,MAFF,1
NFE2L3,CREB3,1
NFE2L2,ATF4,1
NFE2L1,BACH2,1
NFE2L1,MAFG,1
NFE2L1,MAFF,1
MAFG,BATF3,1
MAFG,ATF3,1
MAFG,NFIL3,1
MAFF,MAFG,1
MAFF,BATF3,1
MAFF,BATF2,1
MAFF,ATF3,1
MAFF,FOS,1
MAFF,NFIL3,1
BATF3,ATF3,1
BATF3,ATF2,1
BATF3,DBP,1
BATF2,ATF4,1
BATF2,JUNB,1
BATF2,DDIT3,1
BATF,BATF3,1
BATF,ATF3,1
BATF,ATF4,1
BATF,JUNB,1
BATF,DBP,1
BATF,ATF2,1
BATF,CEBPG,1
BATF,DDIT3,1
ATF4,BATF3,1
ATF4,ATF2,1
FOSL1,ATF4,1
FOSL1,JUNB,1
FOS,ATF3,1
FOS,ATF4,1
FOS,JUNB,1
FOS,ATF2,1
JUNB,BATF3,1
JUNB,ATF3,1
JUN,BATF3,1
JUN,BATF2,1
JUN,BATF,1
JUN,ATF3,1
EPAS1,BATF3,1
EPAS1,DBP,1
ATF6B,CREBZF,1
ATF6B,XBP1,1
ATF6,XBP1,1
XBP1,CREBZF,1
CREBZF,ATF4,1
CREB3L3,CREB3L1,1
CREB3,NFE2L2,1
CREB3,ATF3,1
CREB3,ATF4,1
CEBPG,BATF3,1
CEBPG,BATF2,1
CEBPG,ATF3,1
CEBPG,ATF4,1
CEBPG,ATF2,1
DDIT3,MAFG,1
DDIT3,BATF3,1
DDIT3,ATF4,1
DDIT3,JUNB,1
DDIT3,ATF2,1
DDIT3,EPAS1,1
DDIT3,DBP,1
DDIT3,NFIL3,1
JUN,NCOR1,1
NFE2L2,AHR,1
SIN3A,STAT3,1
RXRA,STAT1,1
NR4A1,STAT3,1
RXRB,VDR,1
NFYB,NFYC,1
ARNT,MTA3,1
BHLHE40,ENO1,1
FOXJ1,THRA,1
NR4A1,SMAD3,1
FOXA3,PPARA,1
NFATC4,NR1I2,1
NR1H2,YY1,1
BATF2,RELA,1
CREB1,NR5A2,1
PPARG,SMAD2,1
SMAD3,TP63,1
SP1,TFAP2A,1
SP1,FOXM1,1
JUN,CREB3,1
SMAD2,HDAC2,1
CREBBP,ATF4,1
NR1I3,RXRA,1
TARDBP,YBX3,1
TP53,CREBZF,1
SMAD7,MYC,1
ZGPAT,HDAC1,1
ZGPAT,MTA2,1
BATF,KDM1A,1
BLZF1,KDM1A,1
HOXA1,KDM1A,1
KLF3,KDM1A,1
MYC,KDM1A,1
NR2C2,KDM1A,1
TADA3,KDM1A,1
ZNF641,KDM1A,1
ZNF71,KDM1A,1
GAS7,NCKAP1L,1
YBX1,HNRNPAB,1
NR3C1,MTA2,1
TRIM28,MTA2,1
RARA,E2F1,1
SMAD3,FOXM1,1
HEY1,HEY2,1
RARA,MTA2,1
RNF4,TARDBP,1
RUNX2,TP53,1
HSF4,HSF1,1
ARNT2,NPAS2,1
ARNT2,IKZF3,1
ARNT2,TADA2A,1
CTBP1,ZEB2,1
CTBP1,KLF3,1
FOXP2,SP4,1
ESR1,ZNF131,1
HIC1,STAT3,1
TP53,SUPT6H,1
HIF1A,SIN3A,1
TRIM28,RNF4,1
NFE2L2,HDAC1,1
NFE2L2,HDAC2,1
JUN,SP1,1
TP53,GTF2I,1
RNF20,PA2G4,1
SP1,HIC1,1
SOX5,TAF6,1
EBF1,HOMEZ,1
FOS,USF1,1
FOS,USF2,1
FOSL2,CREB5,1
GABPB1,LMO4,1
NR4A1,PGBD1,1
HOXA1,PBX2,1
HOXA1,BLZF1,1
SMAD3,BLZF1,1
SMAD4,LMO4,1
POU2F1,SP4,1
REL,NEUROG3,1
RELA,TCF4,1
TCF12,NEUROG3,1
TCF12,HOPX,1
TFCP2,E2F8,1
USF2,TEAD2,1
ZNF24,ZSCAN21,1
ZNF24,PGBD1,1
ZNF24,ZNF483,1
ZSCAN21,ZNF446,1
FOSL1,CREB5,1
LMO4,ZNF397,1
BLZF1,ZGPAT,1
MTA1,IKZF1,1
ZSCAN12,ZNF496,1
ZSCAN32,ZNF396,1
ZSCAN32,ZKSCAN4,1
ZKSCAN7,ZKSCAN4,1
ZNF496,ZNF483,1
ZNF496,ZKSCAN4,1
ENO1,HDAC2,1
PLAGL1,TP73,1
RARA,CREBBP,1
PPARG,CTNNB1,1
RXRA,PPARA,1
PPARG,NR4A1,1
PPARG,NR4A2,1
PPARG,JUN,1
PPARG,NFE2L3,1
NCOR1,PPARD,1
PPARG,STAT5A,1
PPARG,VDR,1
PPARG,RXRB,1
PPARG,SMAD3,1
TP53,RELA,1
CREBBP,TFDP1,1
RELA,ECSIT,1
NFKB1,ECSIT,1
PPARG,JUND,1
PPARG,LMO4,1
HIF1A,CTNNB1,1
PPARG,RFX5,1
PPARG,TCF4,1
PPARG,STAT6,1
GATAD1,HDAC1,1
GATAD1,HDAC2,1
RUNX2,STAT5A,1
TP53,BCL6,1
CTNNB1,BCL6,1
TP53,TCF4,1
RB1,PAX8,1
CTNNB1,POU5F1,1
ESR1,PA2G4,1
ESR1,FUBP1,1
CLOCK,NR1D2,1
CLOCK,RORB,1
CLOCK,DBP,1
BHLHE41,RORA,1
ZNF24,ZNF444,1
MXD1,ARID4A,1
ZSCAN32,ZKSCAN3,1
ZSCAN32,ZKSCAN1,1
ZSCAN32,ZSCAN21,1
ZSCAN32,ZSCAN23,1
ZSCAN32,PGBD1,1
ZSCAN32,ZNF232,1
ZSCAN32,ZNF174,1
ZSCAN32,ZNF394,1
ZSCAN32,ZSCAN16,1
ZSCAN32,SCAND1,1
ZSCAN32,ZNF397,1
ZSCAN32,ZSCAN18,1
ZSCAN32,ZSCAN30,1
ZSCAN32,ZNF444,1
ZSCAN32,ZNF197,1
ZSCAN32,ZNF213,1
ZSCAN32,ZSCAN20,1
ZSCAN32,ZSCAN29,1
ZNF219,HDAC1,1
ZNF219,HDAC2,1
ZNF219,GATAD2B,1
ZNF219,GATAD2A,1
ZNF219,MTA2,1
ZNF219,MTA3,1
ZNF219,STRN3,1
ZNF397,ZKSCAN3,1
ZNF397,ZKSCAN1,1
ZNF397,ZNF24,1
ZNF397,ZNF232,1
ZNF397,ZSCAN21,1
ZNF397,ZNF197,1
ZNF397,ZNF444,1
ZNF397,ZNF446,1
ZNF397,ZNF500,1
ZNF397,ZSCAN20,1
ZNF397,SCAND1,1
ZNF397,ZKSCAN4,1
ZNF397,PGBD1,1
ZNF397,ZNF213,1
ZNF397,ZNF263,1
HMG20B,RCOR2,1
HMG20B,HMG20A,1
SNAI3,STRN3,1
CNOT7,PURB,1
CREB5,ATF7,1
CREB5,ATF2,1
CREB5,JUND,1
NEUROD1,TCF4,1
TEAD4,TEAD1,1
TEAD4,TEAD2,1
CREB3,CREB3L2,1
ZNF396,ZKSCAN3,1
ZNF396,ZKSCAN4,1
ZNF396,ZNF24,1
ZNF396,PGBD1,1
ZNF396,ZNF446,1
ZNF396,ZNF445,1
ZNF396,ZSCAN20,1
ZNF396,ZSCAN18,1
ZNF396,SCAND1,1
FOSL2,ATF2,1
FOSL2,ATF7,1
FOSL2,JUND,1
FOSL2,BACH2,1
FOSL2,YEATS4,1
FOS,ATF7,1
FOS,YEATS4,1
MEIS2,PBX2,1
MEIS2,PBX4,1
NR1H3,STRN3,1
TSC22D4,TSC22D2,1
TSC22D4,TSC22D1,1
ZSCAN9,ZNF24,1
SMAD3,SMAD9,1
MESP2,TCF4,1
MESP2,TCF3,1
CTBP1,PRDM2,1
CTBP1,TRPS1,1
CTBP1,RCOR2,1
CTBP1,FOXK1,1
FOXD4L6,FOXD2,1
FOXD4L6,ZNF496,1
PKNOX1,PBX2,1
PKNOX1,PBX4,1
TADA3,TAF10,1
ZSCAN20,ZNF232,1
ZSCAN20,ZKSCAN3,1
ZSCAN20,ZKSCAN4,1
ZSCAN20,TRIM29,1
ZSCAN20,PGBD1,1
ZSCAN20,ZNF197,1
ZSCAN20,ADNP,1
ZSCAN20,ZNF213,1
ETV7,ETV6,1
HSF2,HSF1,1
REL,NFKB2,1
REL,NFKB1,1
REL,RELB,1
SOX4,FOXH1,1
SMAD7,CBL,1
TCF3,NEUROD1,1
NME2,ENO1,1
ATF1,JUNB,1
STAT6,KDM3A,1
SUPT6H,SUPT4H1,1
TAF6,TAF10,1
FOXK2,TEAD1,1
HIC1,TCF7L2,1
SMAD7,TCF7L2,1
NFKB1,ELF3,1
CTNNB1,KLF5,1
KLF5,SREBF1,1
NCOR1,KLF5,1
PPARG,KLF5,1
RARA,KLF5,1
TP53,KLF5,1
TCF7L2,LEF1,1
ESR1,SUPT6H,1
RNF20,SUPT6H,1
PTTG1,ARNTL2,1
PTTG1,ZBTB48,1
PTTG1,CREBBP,1
KMT2A,HDAC2,1
TCF3,BHLHE40,1
RUNX1,SPI1,1
RUNX1,ELF1,1
STAT3,HESX1,1
STAT3,ZNF281,1
STAT3,CBL,1
STAT3,BATF3,1
STAT3,KLF15,1
STAT3,ATF3,1
RARA,SRF,1
ESR1,FOXK2,1
ZBTB17,TP53,1
ZBTB17,BCL6,1
ESR1,PSMC3IP,1
FBXW7,TRIM25,1
RUNX3,HDAC1,1
ZKSCAN7,ZSCAN12,1
EGR1,FOSL2,1
JUN,FOSL2,1
HMG20A,HDAC1,1
HMG20A,HDAC2,1
PTTG1,HNRNPAB,1
EGR1,JUNB,1
EGR1,JUND,1
NFYB,NFYA,1
BACH1,TAF4B,1
ID1,BUD31,1
HMG20A,MTA2,1
GATAD1,MTA2,1
JUN,CREB5,1
JUN,ATF7,1
ZHX1,ZHX2,1
HMG20A,KDM1A,1
HMG20A,GATAD2A,1
HSF2,ZNFX1,1
HMG20A,GATAD2B,1
YEATS4,KLF16,1
CREB3,CREB3L4,1
ETS1,NFKB1,1
ETS1,SMAD3,1
RXRA,RELA,1
STAT1,FOS,1
STAT1,RELA,1
STAT1,STAT5A,1
TP53,FOXO3,1
TP53,TP73,1
RXRA,KLF5,1
CEBPB,KLF5,1
CEBPG,KLF5,1
JUN,KLF5,1
CREB1,ZNF131,1
CREB1,NFIX,1
CREB1,ARNT,1
CREB1,NFATC2,1
CREB1,JUND,1
CREB1,NFIC,1
CREB1,NFIL3,1
CREB1,NFYA,1
CREB1,PBX2,1
FOS,FOSB,1
JUN,FOSB,1
JUN,JDP2,1
JUN,CEBPB,1
JUN,MEF2A,1
JUN,TFAP2A,1
JUN,NFIX,1
JUN,CREB1,1
JUN,MEF2D,1
JUN,JUND,1
JUN,SMAD4,1
JUN,NFATC4,1
JUN,NR2F6,1
JUN,NKX2-5,1
JUN,SATB1,1
JUN,SATB2,1
JUN,SIX4,1
MAX,TFAP2A,1
MAX,TFDP1,1
MEF2A,ATF3,1
MEF2A,HIRA,1
MEF2A,JUND,1
MEF2A,MEF2B,1
NFATC1,JUN,1
NFATC1,CREB1,1
NFATC1,ATF3,1
NFATC1,TP53,1
NFATC1,ADNP,1
NFATC1,CUX1,1
NFATC1,ATF1,1
NFATC1,GATAD2B,1
NFATC1,HMGA1,1
NFATC1,ATF2,1
NFATC1,HDAC2,1
NFATC1,HOXA10,1
NFATC1,JUND,1
NFATC1,TAF10,1
NFATC1,TRPS1,1
RBPJ,KDM1A,1
RBPJ,CUX1,1
RBPJ,HDAC2,1
RBPJ,NKX2-5,1
RBPJ,ADNP,1
RBPJ,NFIC,1
RBPJ,NR2F2,1
SMAD4,NFKB1,1
TCF4,CBFA2T2,1
TCF4,KDM1A,1
TEAD2,ATF3,1
TEAD2,NR2F2,1
TEAD2,ZEB2,1
TEAD2,TFCP2,1
FOXA3,HDAC2,1
FBXW7,RUNX2,1
FOXC1,CREB1,1
FOXC1,HOXB9,1
FOXC1,PBX2,1
FOXC1,SATB2,1
FOXC1,SATB1,1
FOXC1,GATAD2B,1
FOXC1,NFIC,1
FOXC1,NFIX,1
FOXC1,POU2F1,1
FOXC1,TFCP2,1
FOXC1,TP53,1
FOXC1,UBP1,1
FOXC1,FOXD4,1
FOXD4,TRIM29,1
FOXD4,FOXD4L1,1
FOXG1,ADNP,1
FOXG1,KDM1A,1
FOXG1,BTAF1,1
FOXG1,SATB2,1
FOXG1,CUX1,1
FOXG1,HDAC2,1
FOXG1,GATAD2B,1
FOXG1,SATB1,1
FOXG1,TP53,1
FOXH1,BTAF1,1
FOXJ2,ADNP,1
FOXJ2,CUX1,1
FOXJ2,GATAD2B,1
FOXJ2,HDAC2,1
FOXJ2,KLF16,1
FOXK1,HDAC2,1
FOXK2,SIN3A,1
FOXK2,NCOR1,1
FOXK2,ARID4A,1
FOXK2,MNT,1
FOXK2,MAX,1
FOXK2,IRF2,1
FOXK2,HDAC2,1
FOXK2,RB1,1
FOXK2,CUX1,1
FOXK2,HIRA,1
FOXK2,ADNP,1
FOXK2,NFYC,1
FOXK2,TP53,1
NR4A1,SMAD7,1
SMAD4,CREBBP,1
TEAD4,NCOR1,1
NR3C2,CREBBP,1
FBXW7,HSF1,1
FBXW7,YBX1,1
FBXW7,MAX,1
FBXW7,CREB3L2,1
FBXW7,SIN3A,1
FOXO1,CUX1,1
FOXO1,SATB1,1
FOXO3,FOXO6,1
FOXO3,FOXK1,1
FOXO3,TAF5L,1
FOXP1,SATB1,1
FOXP1,CUX1,1
FOXP1,TFCP2,1
FOXP1,UBP1,1
FOXP2,FOXP1,1
TRIM29,YBX3,1
YBX1,PA2G4,1
ESR1,NFYA,1
ESR1,E2F6,1
PRDM1,IKZF3,1
CREBBP,CLOCK,1
FBXW7,ENO1,1
FBXW7,RERE,1
FBXW7,SUPT6H,1
FBXW7,NCOR1,1
FBXW7,SOX7,1
FBXW7,BARX2,1
POU5F1,EBF1,1
POU5F1,MAX,1
POU5F1,MYPOP,1
POU5F1,SALL2,1
POU5F1,TCF4,1
POU5F1,YEATS4,1
POU5F1,ZGPAT,1
FOS,CREBBP,1
STAT1,PPARA,1
PPARG,STAT1,1
FOXK2,HDAC1,1
FBXW7,JUN,1
CREB1,NR3C1,1
EGR1,CTNNB1,1
ESR1,AHR,1
JUN,ARNT,1
NFATC2,IKZF1,1
NFATC1,IKZF1,1
NFATC1,SATB1,1
NFATC1,RUNX1,1
NFATC2,FOS,1
NFATC2,SATB1,1
NFATC1,FOS,1
NFAT5,FOS,1
JUN,NFAT5,1
CTNNB1,FOXM1,1
NFATC1,FOXK2,1
NFATC1,JUNB,1
NFATC1,CREBBP,1
NFATC1,NFATC2,1
NFATC1,LEF1,1
NFATC1,ATF7,1
NFATC1,CBFB,1
NFATC1,CTBP1,1
NFATC1,FOXK1,1
NFATC2,ATF7,1
NFATC2,ZNF131,1
NFATC2,JUNB,1
NFATC2,NFYC,1
NFATC2,BTAF1,1
NFATC2,LEF1,1
NFATC2,JUND,1
NFATC2,TFAM,1
NFATC2,MAFG,1
NFATC2,FOXK1,1
NFATC2,ETV6,1
NFATC2,HIRA,1
NFATC2,SUPT6H,1
NFATC2,GATAD2A,1
NFATC2,KDM1A,1
NFATC2,MTA2,1
NFATC2,GATAD2B,1
NFATC2,ADNP,1
NFATC2,ZNF24,1
NFATC2,HDAC1,1
NR1I2,NR5A2,1
RXRA,NR1I2,1
ZEB2,SMAD1,1
RNF4,MYC,1
FBXW7,STAT3,1
GATAD1,ARID4A,1
GATAD1,ZNF131,1
GATAD1,FOXK1,1
GATAD1,NPAT,1
GATAD1,E4F1,1
GATAD1,SIN3A,1
GATAD1,ZNF281,1
ZNF131,ZNF281,1
KDM5A,GATAD1,1
KDM5A,ZNF131,1
SMAD4,AHR,1
FBXW7,CTNNB1,1
CBL,IRF3,1
FBXW7,PA2G4,1
CREB1,STAT3,1
ESR1,JUN,1
MITF,TFEB,1
JUNB,ATF2,1
SOX5,SOX6,1
STAT5A,STAT5B,1
SOX5,SOX13,1
TEAD2,TEAD1,1
MEF2B,MEF2D,1
TFEB,TFEC,1
GATAD2A,HDAC1,1
ARNTL2,CLOCK,1
MYF6,TCF4,1
RARA,RARB,1
MYF6,TCF3,1
PCGF6,TFDP2,1
ZKSCAN4,ZKSCAN3,1
ZNF232,ZKSCAN3,1
ZBTB18,ZNF131,1
BATF3,JUND,1
HMG20A,RCOR2,1
ZNF232,ZNF213,1
TP63,TP73,1
TRIM28,ZNF268,1
BACH1,CREBZF,1
E2F6,HDAC1,1
JUNB,JUND,1
ZNF232,SCAND1,1
ZNF483,ZKSCAN3,1
ZKSCAN4,SCAND1,1
ZKSCAN4,PGBD1,1
BACH1,ZNF131,1
FOXD4,FOXD2,1
ZNF232,ZNF197,1
ARNTL,ARNTL2,1
FBXW7,TP53,1
HDAC1,TFDP1,1
ARNTL2,NPAS2,1
ZNF169,ZNF92,1
BACH1,ATF7,1
ZNF483,SCAND1,1
TRIM28,ZNF33A,1
ZSCAN5A,SCAND1,1
ZSCAN22,SCAND1,1
GATAD2A,MTA2,1
FOSL2,USF2,1
IKZF1,FOXK1,1
ZNF18,SCAND1,1
TRIM28,ZNF33B,1
ZNF263,ZNF445,1
ZNF263,ZNF444,1
ZNF169,ZNF445,1
ZNF232,ZNF444,1
ZKSCAN4,ZNF446,1
NFYC,NFKB1,1
PGBD1,ZNF446,1
PGBD1,ZNF213,1
ZNF71,ZNF354A,1
ZNF24,ZKSCAN3,1
PGBD1,ZKSCAN3,1
SP4,HIRA,1
PGBD1,SCAND1,1
TRIM28,ZNF85,1
ZNF169,ZNF45,1
IKZF1,MTA3,1
L3MBTL1,TP73,1
TCF19,MTA2,1
ZNF202,SCAND1,1
GPBP1L1,CNOT8,1
ZNF71,ZNF70,1
E4F1,YBX3,1
ZNF169,ZSCAN25,1
TRIM28,ZNF445,1
PCGF6,HDAC2,1
IKZF1,GATAD2A,1
TCF19,GATAD2B,1
IKZF1,GATAD2B,1
ZSCAN5A,KDM1A,1
AFF4,PBX2,1
ZKSCAN4,ZNF213,1
E4F1,ZNF770,1
ZNF394,SCAND1,1
IKZF1,MTA2,1
ZSCAN20,ZNF202,1
ZNF71,ZNF445,1
SALL2,NR2F2,1
HR,TP53,1
PITX1,FOXO1,1
CREBBP,NFYA,1
NR3C1,KDM1A,1
NR3C1,CNBP,1
NR3C1,TFAP2A,1
RFX3,HDAC1,1
RFX3,MTA2,1
HMG20A,YEATS4,1
HMG20A,CLOCK,1
PA2G4,ZNF207,1
ARNTL,YEATS4,1
MAX,KDM1A,1
RFX3,HDAC2,1
RFX3,FOXJ1,1
CTNNB1,CTBP1,1
GTF2H4,GTF2H2,1
TRIM28,TP73,1
STAT1,STAT4,1
TP53,RBPJ,1
TRIM25,HNRNPAB,1
TRIM25,YBX1,1
TRIM25,ENO1,1
TRIM25,CREBBP,1
TRIM25,MYC,1
TRIM25,ADNP,1
TRIM25,AFF1,1
TRIM25,AHR,1
TRIM25,ATF3,1
TRIM25,ATF6,1
TRIM25,BTAF1,1
TRIM25,CBL,1
TRIM25,CEBPB,1
TRIM25,CERS6,1
TRIM25,CREB3L2,1
TRIM25,CTBP1,1
TRIM25,CTCF,1
TRIM25,CTNNB1,1
TRIM25,CUX1,1
TRIM25,DMTF1,1
TRIM25,E2F3,1
TRIM25,EPAS1,1
TRIM25,ESR2,1
TRIM25,ESRRA,1
TRIM25,ETV5,1
TRIM25,FOXJ3,1
TRIM25,FOXK2,1
TRIM25,FOXM1,1
TRIM25,FUBP1,1
TRIM25,GATAD2A,1
TRIM25,GATAD2B,1
TRIM25,GPBP1L1,1
TRIM25,GTF2IRD1,1
TRIM25,HIC1,1
TRIM25,HIRA,1
TRIM25,HMG20A,1
TRIM25,HOMEZ,1
TRIM25,IKZF3,1
TRIM25,IRF3,1
TRIM25,JDP2,1
TRIM25,KDM5B,1
TRIM25,KLF16,1
TRIM25,KLF3,1
TRIM25,MAX,1
TRIM25,MKL1,1
TRIM25,MTA1,1
TRIM25,MYH9,1
TRIM25,NCOR1,1
TRIM25,NFAT5,1
TRIM25,NFIC,1
TRIM25,NFIX,1
TRIM25,NOTCH1,1
TRIM25,NR1D2,1
TRIM25,NR2F2,1
TRIM25,PCGF6,1
TRIM25,POU2F1,1
TRIM25,PPARD,1
TRIM25,PSMC3IP,1
TRIM25,RCAN1,1
TRIM25,RERE,1
TRIM25,RNF4,1
TRIM25,RREB1,1
TRIM25,RXRA,1
TRIM25,SIN3A,1
TRIM25,SMAD3,1
TRIM25,SMAD4,1
TRIM25,SNAPC5,1
TRIM25,SOX13,1
TRIM25,SREBF1,1
TRIM25,STAT3,1
TRIM25,STAT5B,1
TRIM25,STRN3,1
TRIM25,SUPT6H,1
TRIM25,TAF5L,1
TRIM25,TARDBP,1
TRIM25,TCF12,1
TRIM25,TCFL5,1
TRIM25,TEAD1,1
TRIM25,TEAD3,1
TRIM25,YBX3,1
TRIM25,YY1,1
TRIM25,ZFHX3,1
TRIM25,ZKSCAN5,1
TRIM25,ZNF131,1
TRIM25,ZNF148,1
TRIM25,ZNF277,1
TRIM25,ZNF444,1
TRIM25,ZNF445,1
TRIM25,ZSCAN25,1
FBXW7,TSC22D4,1
WT1,ETV7,1
WT1,HMBOX1,1
TAF7,TAF4,1
TAF7,TAF4B,1
TAF7,TAF5,1
TAF7,TAF6,1
TAF7,TAF10,1
TAF7,TAF12,1
TP63,ATF3,1
